,Classifier Name,Member Organisms,Classes to Learn,Best Bayes Classifier,cv_results,Chosen columns
0,All_to_Domain,"['Borrelia afzelii PKo', 'Borrelia burgdorferi B31', 'Borrelia duttonii Ly', 'Borrelia garinii PBi', 'Borrelia hermsii DAH', 'Borrelia recurrentis A1', 'Borrelia turicatae 91E135', 'Candidatus Methanoregula boonei 6A8', 'Leptospira biflexa serovar Patoc strain Patoc 1 (Ames)', 'Leptospira biflexa serovar Patoc strain Patoc 1 (Paris)', 'Leptospira borgpetersenii serovar Hardjo-bovis JB197', 'Leptospira borgpetersenii serovar Hardjo-bovis L550', 'Leptospira interrogans serovar Copenhageni str. Fiocruz L1-130', 'Leptospira interrogans serovar Lai str. 56601', 'Methanococcus aeolicus Nankai-3', 'Methanococcus maripaludis C5', 'Methanococcus maripaludis C6', 'Methanococcus maripaludis C7', 'Methanococcus maripaludis S2', 'Methanococcus vannielii SB', 'Methanosarcina acetivorans C2A', 'Methanosarcina barkeri str. Fusaro', 'Methanosarcina mazei Go1', 'Prochlorococcus marinus str. AS9601', 'Prochlorococcus marinus str. MIT 9211', 'Prochlorococcus marinus str. MIT 9215', 'Prochlorococcus marinus str. MIT 9301', 'Prochlorococcus marinus str. MIT 9303', 'Prochlorococcus marinus str. MIT 9312', 'Prochlorococcus marinus str. MIT 9313', 'Prochlorococcus marinus str. MIT 9515', 'Prochlorococcus marinus str. NATL1A', 'Prochlorococcus marinus str. NATL2A', 'Prochlorococcus marinus subsp. marinus str. CCMP1375', 'Prochlorococcus marinus subsp. pastoris str. CCMP1986', 'Pyrobaculum aerophilum str. IM2', 'Pyrobaculum arsenaticum DSM 13514', 'Pyrobaculum calidifontis JCM 11548', 'Pyrobaculum islandicum DSM 4184', 'Pyrococcus abyssi GE5', 'Pyrococcus furiosus DSM 3638', 'Pyrococcus horikoshii OT3', 'Sulfolobus acidocaldarius DSM 639', 'Sulfolobus solfataricus P2', 'Sulfolobus tokodaii str. 7', 'Synechococcus elongatus PCC 6301', 'Synechococcus elongatus PCC 7942', 'Synechococcus sp. CC9311', 'Synechococcus sp. CC9605', 'Synechococcus sp. CC9902', 'Synechococcus sp. JA-2-3Ba(2-13)', 'Synechococcus sp. JA-3-3Ab', 'Synechococcus sp. PCC 7002', 'Synechococcus sp. RCC307', 'Synechococcus sp. WH 7803', 'Synechococcus sp. WH 8102', 'Treponema denticola ATCC 35405', 'Treponema pallidum subsp. pallidum SS14', 'Treponema pallidum subsp. pallidum str. Nichols']","['Archaea', 'Bacteria']",,,
1,Bacteria_to_Phylum,"['Borrelia afzelii PKo', 'Borrelia burgdorferi B31', 'Borrelia duttonii Ly', 'Borrelia garinii PBi', 'Borrelia hermsii DAH', 'Borrelia recurrentis A1', 'Borrelia turicatae 91E135', 'Leptospira biflexa serovar Patoc strain Patoc 1 (Ames)', 'Leptospira biflexa serovar Patoc strain Patoc 1 (Paris)', 'Leptospira borgpetersenii serovar Hardjo-bovis JB197', 'Leptospira borgpetersenii serovar Hardjo-bovis L550', 'Leptospira interrogans serovar Copenhageni str. Fiocruz L1-130', 'Leptospira interrogans serovar Lai str. 56601', 'Prochlorococcus marinus str. AS9601', 'Prochlorococcus marinus str. MIT 9211', 'Prochlorococcus marinus str. MIT 9215', 'Prochlorococcus marinus str. MIT 9301', 'Prochlorococcus marinus str. MIT 9303', 'Prochlorococcus marinus str. MIT 9312', 'Prochlorococcus marinus str. MIT 9313', 'Prochlorococcus marinus str. MIT 9515', 'Prochlorococcus marinus str. NATL1A', 'Prochlorococcus marinus str. NATL2A', 'Prochlorococcus marinus subsp. marinus str. CCMP1375', 'Prochlorococcus marinus subsp. pastoris str. CCMP1986', 'Synechococcus elongatus PCC 6301', 'Synechococcus elongatus PCC 7942', 'Synechococcus sp. CC9311', 'Synechococcus sp. CC9605', 'Synechococcus sp. CC9902', 'Synechococcus sp. JA-2-3Ba(2-13)', 'Synechococcus sp. JA-3-3Ab', 'Synechococcus sp. PCC 7002', 'Synechococcus sp. RCC307', 'Synechococcus sp. WH 7803', 'Synechococcus sp. WH 8102', 'Treponema denticola ATCC 35405', 'Treponema pallidum subsp. pallidum SS14', 'Treponema pallidum subsp. pallidum str. Nichols']","['Spirochaetes', 'Cyanobacteria']",,,
2,Archaea_to_Phylum,"['Candidatus Methanoregula boonei 6A8', 'Methanococcus aeolicus Nankai-3', 'Methanococcus maripaludis C5', 'Methanococcus maripaludis C6', 'Methanococcus maripaludis C7', 'Methanococcus maripaludis S2', 'Methanococcus vannielii SB', 'Methanosarcina acetivorans C2A', 'Methanosarcina barkeri str. Fusaro', 'Methanosarcina mazei Go1', 'Pyrobaculum aerophilum str. IM2', 'Pyrobaculum arsenaticum DSM 13514', 'Pyrobaculum calidifontis JCM 11548', 'Pyrobaculum islandicum DSM 4184', 'Pyrococcus abyssi GE5', 'Pyrococcus furiosus DSM 3638', 'Pyrococcus horikoshii OT3', 'Sulfolobus acidocaldarius DSM 639', 'Sulfolobus solfataricus P2', 'Sulfolobus tokodaii str. 7']","['Euryarchaeota', 'Crenarchaeota']",,"{'mean_fit_time': array([1033.92605352, 2901.01386255, 2872.38584149, 2906.50766683,
       3269.06445497, 2818.5860787 ]), 'std_fit_time': array([ 6.90755767,  5.87351626, 13.69809492,  7.42265413, 70.16365694,
       11.03763332]), 'mean_score_time': array([179.69419891, 273.74065179, 193.30454391, 338.81056762,
       290.35383362, 162.08810151]), 'std_score_time': array([ 3.78244149,  4.50691731,  2.74518173, 10.58578036,  6.25841943,
       10.29175977]), 'param_C': masked_array(data=[10000, 10000, 10000, 100000, 100000, 100000],
             mask=[False, False, False, False, False, False],
       fill_value='?',
            dtype=object), 'param_gamma': masked_array(data=[0.1, 1, 10, 0.1, 1, 10],
             mask=[False, False, False, False, False, False],
       fill_value='?',
            dtype=object), 'param_kernel': masked_array(data=['rbf', 'rbf', 'rbf', 'rbf', 'rbf', 'rbf'],
             mask=[False, False, False, False, False, False],
       fill_value='?',
            dtype=object), 'params': [{'C': 10000, 'gamma': 0.1, 'kernel': 'rbf'}, {'C': 10000, 'gamma': 1, 'kernel': 'rbf'}, {'C': 10000, 'gamma': 10, 'kernel': 'rbf'}, {'C': 100000, 'gamma': 0.1, 'kernel': 'rbf'}, {'C': 100000, 'gamma': 1, 'kernel': 'rbf'}, {'C': 100000, 'gamma': 10, 'kernel': 'rbf'}], 'split0_test_score': array([0.9381488 , 0.93089416, 0.94647141, 0.79547121, 0.80249294,
       0.94647141]), 'split1_test_score': array([0.93723736, 0.9030256 , 0.95635222, 0.85613403, 0.84313139,
       0.95635222]), 'split2_test_score': array([0.93755768, 0.92262545, 0.94914665, 0.85005941, 0.80563381,
       0.94914665]), 'split3_test_score': array([0.93730305, 0.92921015, 0.95681263, 0.80347868, 0.78119596,
       0.95681263]), 'mean_test_score': array([0.93756172, 0.92143884, 0.95219573, 0.82628583, 0.80811352,
       0.95219573]), 'std_test_score': array([0.00035945, 0.01107082, 0.00449046, 0.02704536, 0.02229656,
       0.00449046]), 'rank_test_score': array([3, 4, 1, 5, 6, 1], dtype=int32)}",
3,Spirochaetes_to_Genus,"['Borrelia afzelii PKo', 'Borrelia burgdorferi B31', 'Borrelia duttonii Ly', 'Borrelia garinii PBi', 'Borrelia hermsii DAH', 'Borrelia recurrentis A1', 'Borrelia turicatae 91E135', 'Leptospira biflexa serovar Patoc strain Patoc 1 (Ames)', 'Leptospira biflexa serovar Patoc strain Patoc 1 (Paris)', 'Leptospira borgpetersenii serovar Hardjo-bovis JB197', 'Leptospira borgpetersenii serovar Hardjo-bovis L550', 'Leptospira interrogans serovar Copenhageni str. Fiocruz L1-130', 'Leptospira interrogans serovar Lai str. 56601', 'Treponema denticola ATCC 35405', 'Treponema pallidum subsp. pallidum SS14', 'Treponema pallidum subsp. pallidum str. Nichols']","['Borrelia', 'Leptospira', 'Treponema']",,"{'mean_fit_time': array([ 154.62817591,  378.94721496,  248.34792477,  453.01471293,
       1005.09648961,  243.14455509]), 'std_fit_time': array([ 1.97473579,  7.8291228 ,  8.30837516,  8.1207142 , 26.55514493,
       15.10388009]), 'mean_score_time': array([ 54.23844117,  48.04867131,  50.21725261,  50.82869947,
       121.24379742,  42.06138569]), 'std_score_time': array([1.39958257, 2.27479654, 2.11868586, 1.7268919 , 2.97938322,
       3.93167739]), 'param_C': masked_array(data=[10000, 10000, 10000, 100000, 100000, 100000],
             mask=[False, False, False, False, False, False],
       fill_value='?',
            dtype=object), 'param_gamma': masked_array(data=[0.1, 1, 10, 0.1, 1, 10],
             mask=[False, False, False, False, False, False],
       fill_value='?',
            dtype=object), 'param_kernel': masked_array(data=['rbf', 'rbf', 'rbf', 'rbf', 'rbf', 'rbf'],
             mask=[False, False, False, False, False, False],
       fill_value='?',
            dtype=object), 'params': [{'C': 10000, 'gamma': 0.1, 'kernel': 'rbf'}, {'C': 10000, 'gamma': 1, 'kernel': 'rbf'}, {'C': 10000, 'gamma': 10, 'kernel': 'rbf'}, {'C': 100000, 'gamma': 0.1, 'kernel': 'rbf'}, {'C': 100000, 'gamma': 1, 'kernel': 'rbf'}, {'C': 100000, 'gamma': 10, 'kernel': 'rbf'}], 'split0_test_score': array([0.9674336 , 0.97520811, 0.98293806, 0.96867193, 0.9728025 ,
       0.98291787]), 'split1_test_score': array([0.96314142, 0.97136465, 0.97980894, 0.96421234, 0.97363891,
       0.9799629 ]), 'split2_test_score': array([0.96262549, 0.97089402, 0.9799664 , 0.96568033, 0.96968962,
       0.98011844]), 'split3_test_score': array([0.9647302 , 0.97146516, 0.9791836 , 0.965226  , 0.95781363,
       0.97913582]), 'mean_test_score': array([0.96448268, 0.97223298, 0.98047425, 0.96594765, 0.96848616,
       0.98053376]), 'std_test_score': array([0.00187199, 0.00173117, 0.0014523 , 0.00166022, 0.00633508,
       0.00142623]), 'rank_test_score': array([6, 3, 2, 5, 4, 1], dtype=int32)}",
4,Euryarchaeota_to_Genus,"['Candidatus Methanoregula boonei 6A8', 'Methanococcus aeolicus Nankai-3', 'Methanococcus maripaludis C5', 'Methanococcus maripaludis C6', 'Methanococcus maripaludis C7', 'Methanococcus maripaludis S2', 'Methanococcus vannielii SB', 'Methanosarcina acetivorans C2A', 'Methanosarcina barkeri str. Fusaro', 'Methanosarcina mazei Go1', 'Pyrococcus abyssi GE5', 'Pyrococcus furiosus DSM 3638', 'Pyrococcus horikoshii OT3']","['Candidatus', 'Methanococcus', 'Methanosarcina', 'Pyrococcus']",,"{'mean_fit_time': array([ 280.94490701,  733.71458805,  710.64777768,  824.90248203,
       1401.82405967,  704.01219577]), 'std_fit_time': array([ 1.57060848,  6.51394373,  4.20886204, 10.31094612,  7.13440398,
        6.92234066]), 'mean_score_time': array([100.46532935, 106.1823324 , 107.68633413, 110.01699066,
       177.94375712,  98.50497031]), 'std_score_time': array([1.44241396, 2.86799946, 2.91888037, 2.3017885 , 4.60221864,
       9.45918949]), 'param_C': masked_array(data=[10000, 10000, 10000, 100000, 100000, 100000],
             mask=[False, False, False, False, False, False],
       fill_value='?',
            dtype=object), 'param_gamma': masked_array(data=[0.1, 1, 10, 0.1, 1, 10],
             mask=[False, False, False, False, False, False],
       fill_value='?',
            dtype=object), 'param_kernel': masked_array(data=['rbf', 'rbf', 'rbf', 'rbf', 'rbf', 'rbf'],
             mask=[False, False, False, False, False, False],
       fill_value='?',
            dtype=object), 'params': [{'C': 10000, 'gamma': 0.1, 'kernel': 'rbf'}, {'C': 10000, 'gamma': 1, 'kernel': 'rbf'}, {'C': 10000, 'gamma': 10, 'kernel': 'rbf'}, {'C': 100000, 'gamma': 0.1, 'kernel': 'rbf'}, {'C': 100000, 'gamma': 1, 'kernel': 'rbf'}, {'C': 100000, 'gamma': 10, 'kernel': 'rbf'}], 'split0_test_score': array([0.93034763, 0.94347939, 0.96873612, 0.93191581, 0.9368646 ,
       0.9696965 ]), 'split1_test_score': array([0.92417246, 0.94070064, 0.9688413 , 0.92668046, 0.8880423 ,
       0.96830311]), 'split2_test_score': array([0.92536185, 0.9415716 , 0.96686143, 0.92637938, 0.91895956,
       0.96665328]), 'split3_test_score': array([0.92880928, 0.94225202, 0.97008724, 0.93105521, 0.93709136,
       0.97080426]), 'mean_test_score': array([0.9271728 , 0.94200091, 0.96863152, 0.92900771, 0.92023945,
       0.96886429]), 'std_test_score': array([0.00250196, 0.00101538, 0.00115188, 0.00249867, 0.01999173,
       0.00155399]), 'rank_test_score': array([5, 3, 2, 4, 6, 1], dtype=int32)}",
5,Cyanobacteria_to_Genus,"['Prochlorococcus marinus str. AS9601', 'Prochlorococcus marinus str. MIT 9211', 'Prochlorococcus marinus str. MIT 9215', 'Prochlorococcus marinus str. MIT 9301', 'Prochlorococcus marinus str. MIT 9303', 'Prochlorococcus marinus str. MIT 9312', 'Prochlorococcus marinus str. MIT 9313', 'Prochlorococcus marinus str. MIT 9515', 'Prochlorococcus marinus str. NATL1A', 'Prochlorococcus marinus str. NATL2A', 'Prochlorococcus marinus subsp. marinus str. CCMP1375', 'Prochlorococcus marinus subsp. pastoris str. CCMP1986', 'Synechococcus elongatus PCC 6301', 'Synechococcus elongatus PCC 7942', 'Synechococcus sp. CC9311', 'Synechococcus sp. CC9605', 'Synechococcus sp. CC9902', 'Synechococcus sp. JA-2-3Ba(2-13)', 'Synechococcus sp. JA-3-3Ab', 'Synechococcus sp. PCC 7002', 'Synechococcus sp. RCC307', 'Synechococcus sp. WH 7803', 'Synechococcus sp. WH 8102']","['Prochlorococcus', 'Synechococcus']",,"{'mean_fit_time': array([1969.49276555, 3213.52613616, 3265.37738442, 3163.98175162,
       3214.03007996, 3265.34660858]), 'std_fit_time': array([9.60035016, 2.33425584, 1.7395239 , 3.93602107, 1.49881856,
       1.93896327]), 'mean_score_time': array([305.20006257, 490.57935405, 412.16743803, 493.84994948,
       502.94043797, 398.61067933]), 'std_score_time': array([ 4.34820033,  7.75383346, 10.10479364, 11.5361228 ,  8.91890114,
        3.18821395]), 'param_C': masked_array(data=[10000, 10000, 10000, 100000, 100000, 100000],
             mask=[False, False, False, False, False, False],
       fill_value='?',
            dtype=object), 'param_gamma': masked_array(data=[0.1, 1, 10, 0.1, 1, 10],
             mask=[False, False, False, False, False, False],
       fill_value='?',
            dtype=object), 'param_kernel': masked_array(data=['rbf', 'rbf', 'rbf', 'rbf', 'rbf', 'rbf'],
             mask=[False, False, False, False, False, False],
       fill_value='?',
            dtype=object), 'params': [{'C': 10000, 'gamma': 0.1, 'kernel': 'rbf'}, {'C': 10000, 'gamma': 1, 'kernel': 'rbf'}, {'C': 10000, 'gamma': 10, 'kernel': 'rbf'}, {'C': 100000, 'gamma': 0.1, 'kernel': 'rbf'}, {'C': 100000, 'gamma': 1, 'kernel': 'rbf'}, {'C': 100000, 'gamma': 10, 'kernel': 'rbf'}], 'split0_test_score': array([0.90323318, 0.82622073, 0.89225439, 0.74965556, 0.57495099,
       0.89225439]), 'split1_test_score': array([0.90156009, 0.78609977, 0.84735833, 0.69070159, 0.68506303,
       0.84735833]), 'split2_test_score': array([0.90217253, 0.7699884 , 0.44502123, 0.67098125, 0.8687732 ,
       0.44502123]), 'split3_test_score': array([0.90232952, 0.85676588, 0.88158119, 0.80498854, 0.55072299,
       0.88158119]), 'mean_test_score': array([0.90232383, 0.80976869, 0.76655379, 0.72908173, 0.66987755,
       0.76655379]), 'std_test_score': array([0.00059857, 0.03399299, 0.1863763 , 0.05252101, 0.12549794,
       0.1863763 ]), 'rank_test_score': array([1, 2, 3, 5, 6, 3], dtype=int32)}","['AAAA' 'AAAT' 'AATA' 'AATT' 'AAGA' 'ATAA' 'ATAT' 'ATTA' 'ATTT' 'ATCG'
 'AGCG' 'ACCG' 'TAAA' 'TAAT' 'TAAG' 'TATA' 'TATT' 'TAGA' 'TTAA' 'TTAT'
 'TTAG' 'TTTA' 'TTTT' 'TCTA' 'TCGG' 'TCGC' 'GGGC' 'GGCG' 'GGCC' 'GCTG'
 'GCGA' 'GCGG' 'GCGC' 'GCCG' 'GCCC' 'CAGC' 'CTAA' 'CTTA' 'CGAT' 'CGGT'
 'CGGG' 'CGGC' 'CGCT' 'CGCG' 'CGCC' 'CCGA' 'CCGT' 'CCGG' 'CCGC' 'CCCG']"
6,Crenarchaeota_to_Genus,"['Pyrobaculum aerophilum str. IM2', 'Pyrobaculum arsenaticum DSM 13514', 'Pyrobaculum calidifontis JCM 11548', 'Pyrobaculum islandicum DSM 4184', 'Sulfolobus acidocaldarius DSM 639', 'Sulfolobus solfataricus P2', 'Sulfolobus tokodaii str. 7']","['Pyrobaculum', 'Sulfolobus']",,"{'mean_fit_time': array([ 9.12110049, 16.44027597, 16.97017181, 15.40041363, 34.20552516,
       14.59827155]), 'std_fit_time': array([0.22260653, 1.15292846, 1.25900573, 0.93910378, 3.7358751 ,
       1.30296797]), 'mean_score_time': array([3.17176682, 2.51428241, 4.71510929, 2.35753328, 5.8795464 ,
       3.08025372]), 'std_score_time': array([0.098538  , 0.11633767, 0.70397945, 0.14657267, 0.71189392,
       0.69598759]), 'param_C': masked_array(data=[10000, 10000, 10000, 100000, 100000, 100000],
             mask=[False, False, False, False, False, False],
       fill_value='?',
            dtype=object), 'param_gamma': masked_array(data=[0.1, 1, 10, 0.1, 1, 10],
             mask=[False, False, False, False, False, False],
       fill_value='?',
            dtype=object), 'param_kernel': masked_array(data=['rbf', 'rbf', 'rbf', 'rbf', 'rbf', 'rbf'],
             mask=[False, False, False, False, False, False],
       fill_value='?',
            dtype=object), 'params': [{'C': 10000, 'gamma': 0.1, 'kernel': 'rbf'}, {'C': 10000, 'gamma': 1, 'kernel': 'rbf'}, {'C': 10000, 'gamma': 10, 'kernel': 'rbf'}, {'C': 100000, 'gamma': 0.1, 'kernel': 'rbf'}, {'C': 100000, 'gamma': 1, 'kernel': 'rbf'}, {'C': 100000, 'gamma': 10, 'kernel': 'rbf'}], 'split0_test_score': array([0.99291328, 0.99303736, 0.99241567, 0.99254003, 0.99328603,
       0.99241567]), 'split1_test_score': array([0.9899302 , 0.99005455, 0.99179458, 0.98856273, 0.99005431,
       0.99179458]), 'split2_test_score': array([0.99030234, 0.98992961, 0.99079973, 0.98918342, 0.990551  ,
       0.99079973]), 'split3_test_score': array([0.9927887 , 0.99241555, 0.99316156, 0.99204244, 0.99154516,
       0.99316156]), 'mean_test_score': array([0.99148363, 0.99135927, 0.99204289, 0.99058216, 0.99135913,
       0.99204289]), 'std_test_score': array([0.00137438, 0.00138545, 0.00086566, 0.00173207, 0.00123523,
       0.00086566]), 'rank_test_score': array([3, 4, 1, 6, 5, 1], dtype=int32)}","['AAAT' 'AATA' 'AATT' 'AATG' 'ATAA' 'ATAT' 'ATTA' 'ATTT' 'ATTC' 'AGGC'
 'AGCC' 'ACGC' 'TAAA' 'TAAT' 'TATA' 'TATT' 'TTAA' 'TTAT' 'TTTA' 'TGGC'
 'TCGC' 'GAAT' 'GACG' 'GTCG' 'GGGG' 'GGGC' 'GGCG' 'GGCC' 'GCGA' 'GCGT'
 'GCGG' 'GCGC' 'GCCA' 'GCCT' 'GCCG' 'GCCC' 'CACG' 'CTCG' 'CGAG' 'CGAC'
 'CGTG' 'CGTC' 'CGGG' 'CGGC' 'CGCG' 'CGCC' 'CCGG' 'CCGC' 'CCCG' 'CCCC']"
